Workbook

Sheet Costi di Gestione
A1: Comparto | B1: ISC a 2 anni | C1: ISC a 5 anni | D1: ISC a 10 anni | E1: ISC a 35 anni | F1: TER 2023 | G1: TER 2024 | H1: TER 2025 | I1: TER MEDIO 2023-2025
A2: AZIONARIO | B2: 0.58 | C2: 0.39 | D2: 0.31 | E2: 0.24 | F2: 0.43 | G2: 0.34 | H2: 0.38 | I2: =AVERAGE(F2:H2) -> 0.38333333
A3: OBBLIGAZIONARIO | B3: 0.53 | C3: 0.35 | D3: 0.27 | E3: 0.2 | F3: 0.39 | G3: 0.43 | H3: 0.39 | I3: =AVERAGE(F3:H3) -> 0.40333333
A4: BILANCIATO PRUDENTE (30-70) | B4: // | C4: // | D4: // | E4: // | F4: =(F3*0.7)+(F2*0.3) -> 0.402 | G4: =(G3*0.7)+(G2*0.3) -> 0.403 | H4: =(H3*0.7)+(H2*0.3) -> 0.387 | I4: =AVERAGE(F4:H4) -> 0.39733333
A5: BILANCIATO CRESCITA (50-50) | B5: // | C5: // | D5: // | E5: // | F5: =(F3*0.5)+(F2*0.5) -> 0.41 | G5: =(G3*0.5)+(G2*0.5) -> 0.385 | H5: =(H3*0.5)+(H2*0.5) -> 0.385 | I5: =AVERAGE(F5:H5) -> 0.39333333
A6: BILANCIATO DINAMICO (70-30) | B6: // | C6: // | D6: // | E6: // | F6: =(F3*0.3)+(F2*0.7) -> 0.418 | G6: =(G3*0.3)+(G2*0.7) -> 0.367 | H6: =(H3*0.3)+(H2*0.7) -> 0.383 | I6: =AVERAGE(F6:H6) -> 0.38933333

Sheet Benchmark Azionario
B1: 2012 | C1: 2013 | D1: 2014 | E1: 2015 | F1: 2016 | G1: 2017 | H1: 2018 | I1: 2019 | J1: 2020 | K1: 2021 | L1: 2022 | M1: 2023 | N1: 2024 | O1: 2025
A2: MSCI World Index (EUR) | B2: 14.05 | C2: 21.2 | D2: 19.5 | E2: 10.42 | F2: 10.73 | G2: 7.51 | H2: -4.11 | I2: 30.02 | J2: 6.33 | K2: 31.07 | L2: -12.78 | M2: 19.6 | N2: 26.6 | O2: 6.77
A3: MSCI World 100% Hedged to EUR Index | B3: 12 | C3: 25.47 | D3: 7.37 | E3: -0.19 | F3: 5.59 | G3: 16.63 | H3: -11.11 | I3: 22.15 | J3: 10.09 | K3: 21.55 | L3: -19.2 | M3: 18.98 | N3: 18.2 | O3: 15.2
A4: Rendimento teorico ponderato | B4: =(B2*0.3)+(B3*0.7) -> 12.615 | C4: =(C2*0.3)+(C3*0.7) -> 24.189 | D4: =(D2*0.3)+(D3*0.7) -> 11.009 | E4: =(E2*0.3)+(E3*0.7) -> 2.993 | F4: =(F2*0.3)+(F3*0.7) -> 7.132 | G4: =(G2*0.3)+(G3*0.7) -> 13.894 | H4: =(H2*0.3)+(H3*0.7) -> -9.01 | I4: =(I2*0.3)+(I3*0.7) -> 24.511 | ... O4: =(O2*0.3)+(O3*0.7) -> 12.671
A5: Rendimento normalizzato | B5: =('Benchmark Azionario'!B4-0.38)*(1-0.2)-3.5 -> 6.288 | C5: =('Benchmark Azionario'!C4-0.38)*(1-0.2)-3.5 -> 15.5472 | D5: =('Benchmark Azionario'!D4-0.38)*(1-0.2)-3.5 -> 5.0032 | E5: =('Benchmark Azionario'!E4-0.38)*(1-0.2)-3.5 -> -1.4096 | F5: =('Benchmark Azionario'!F4-0.38)*(1-0.2)-3.5 -> 1.9016 | G5: =('Benchmark Azionario'!G4-0.38)*(1-0.2)-3.5 -> 7.3112 | H5: =('Benchmark Azionario'!H4-0.38)*(1-0.2)-3.5 -> -11.012 | I5: =('Benchmark Azionario'!I4-0.38)*(1-0.2)-3.5 -> 15.8048 | ... O5: =('Benchmark Azionario'!O4-0.38)*(1-0.2)-3.5 -> 6.3328
A6: Rendimento reale (da Nota Informativa) | M6: 2.98 | N6: 12.26 | O6: 6.29

Sheet Benchmark Obbligazionario
B1: 2012 | C1: 2013 | D1: 2014 | E1: 2015 | F1: 2016 | G1: 2017 | H1: 2018 | I1: 2019 | J1: 2020 | K1: 2021 | L1: 2022 | M1: 2023 | N1: 2024 | O1: 2025
A2: BofA Pan-Europe Govt TR € hdg | C2: 2.2 | D2: 13.3 | E2: 1.6 | F2: 3 | G2: 0 | H2: 0.68 | I2: 6.89 | J2: 5.19 | K2: -3.69 | L2: -17.89 | M2: 6.78 | N2: 1.98 | O2: 0.62
A3: BofA US treasury TR € hdg | C3: -4 | D3: 14.3 | E3: 12.1 | F3: 4.2 | G3: -11.7 | H3: 6.4 | I3: 5.6 | J3: -5.6 | K3: 7.7 | L3: 2.2 | M3: 0.6 | N3: 10.7 | O3: -7
A4: BofA 1-10y Global infl lkd Govt ex.JAP TR € unhdg | C4: -8.98 | D4: 18.15 | E4: 6.3 | F4: 7.14 | G4: -4.68 | H4: 0.77 | I4: 10.2 | J4: 3.24 | K4: 10.95 | L4: -16.73 | M4: 1.9 | N4: 3.37 | O4: -4.07
A5: BofA Global Corporate TR € hdg | C5: 0.3 | D5: 3.1 | E5: -3.6 | F5: 4.3 | G5: 9.1 | H5: -3.6 | I5: 11.5 | J5: 10.4 | K5: -2.9 | L5: -16.7 | M5: 9.6 | N5: 1.1 | O5: 10.3
A6: Rendimento teorico ponderato | C6: =(C2*0.35)+(C3*0.25)+(C4*0.1)+(C5*0.3) -> -1.038 | D6: =(D2*0.35)+(D3*0.25)+(D4*0.1)+(D5*0.3) -> 10.975 | E6: =(E2*0.35)+(E3*0.25)+(E4*0.1)+(E5*0.3) -> 3.135 | F6: =(F2*0.35)+(F3*0.25)+(F4*0.1)+(F5*0.3) -> 4.104 | G6: =(G2*0.35)+(G3*0.25)+(G4*0.1)+(G5*0.3) -> -0.663 | H6: =(H2*0.35)+(H3*0.25)+(H4*0.1)+(H5*0.3) -> 0.835 | I6: =(I2*0.35)+(I3*0.25)+(I4*0.1)+(I5*0.3) -> 8.2815 | J6: =(J2*0.35)+(J3*0.25)+(J4*0.1)+(J5*0.3) -> 3.8605 | ... O6: =(O2*0.35)+(O3*0.25)+(O4*0.1)+(O5*0.3) -> 1.15
A7: Rendimento normalizzato | C7: =('Benchmark Obbligazionario'!C6)*(1-0.2)-0.6 -> -1.4304 | D7: =('Benchmark Obbligazionario'!D6)*(1-0.2)-0.6 -> 8.18 | E7: =('Benchmark Obbligazionario'!E6)*(1-0.2)-0.6 -> 1.908 | F7: =('Benchmark Obbligazionario'!F6)*(1-0.2)-0.6 -> 2.6832 | G7: =('Benchmark Obbligazionario'!G6)*(1-0.2)-0.6 -> -1.1304 | H7: =('Benchmark Obbligazionario'!H6)*(1-0.2)-0.6 -> 0.068 | I7: =('Benchmark Obbligazionario'!I6)*(1-0.2)-0.6 -> 6.0252 | J7: =('Benchmark Obbligazionario'!J6)*(1-0.2)-0.6 -> 2.4884 | ... O7: =('Benchmark Obbligazionario'!O6)*(1-0.2)-0.6 -> 0.32
A8: Rendimento reale (da Nota Informativa) | M8: 2.87 | N8: 1.05 | O8: 2.01

Sheet Bilanciato Prudente
B1: 2013 | C1: 2014 | D1: 2015 | E1: 2016 | F1: 2017 | G1: 2018 | H1: 2019 | I1: 2020 | J1: 2021 | K1: 2022 | L1: 2023 | M1: 2024 | N1: 2025
A2: Rendimento normalizzato AZIONARIO | B2: 15.5472 | C2: 5.0032 | D2: -1.4096 | E2: 1.9016 | F2: 7.3112 | G2: -11.012 | H2: 15.8048 | I2: 3.3656 | J2: 15.7208 | K2: -17.6232 | L2: 11.5288 | M2: 12.772 | N2: 6.3328
A3: Rendimento normalizzato OBBLIGAZIONARIO | B3: -1.4304 | C3: 8.18 | D3: 1.908 | E3: 2.6832 | F3: -1.1304 | G3: 0.068 | H3: 6.0252 | I3: 2.4884 | J3: 0.0868 | K3: -10.5156 | L3: 3.8744 | M3: 2.628 | N3: 0.32
A4: Rendimento sintetico Bilanciato Prudente | B4: =(B2*0.3)+(B3*0.7) -> 3.66288 | C4: =(C2*0.3)+(C3*0.7) -> 7.22696 | D4: =(D2*0.3)+(D3*0.7) -> 0.91272 | E4: =(E2*0.3)+(E3*0.7) -> 2.44872 | F4: =(F2*0.3)+(F3*0.7) -> 1.40208 | G4: =(G2*0.3)+(G3*0.7) -> -3.256 | H4: =(H2*0.3)+(H3*0.7) -> 8.95908 | I4: =(I2*0.3)+(I3*0.7) -> 2.75156 | ... N4: =(N2*0.3)+(N3*0.7) -> 2.12384

Sheet Bilanciato Crescita
B1: 2013 | C1: 2014 | D1: 2015 | E1: 2016 | F1: 2017 | G1: 2018 | H1: 2019 | I1: 2020 | J1: 2021 | K1: 2022 | L1: 2023 | M1: 2024 | N1: 2025
A2: Rendimento normalizzato AZIONARIO | B2: 15.5472 | C2: 5.0032 | D2: -1.4096 | E2: 1.9016 | F2: 7.3112 | G2: -11.012 | H2: 15.8048 | I2: 3.3656 | J2: 15.7208 | K2: -17.6232 | L2: 11.5288 | M2: 12.772 | N2: 6.3328
A3: Rendimento normalizzato OBBLIGAZIONARIO | B3: -1.4304 | C3: 8.18 | D3: 1.908 | E3: 2.6832 | F3: -1.1304 | G3: 0.068 | H3: 6.0252 | I3: 2.4884 | J3: 0.0868 | K3: -10.5156 | L3: 3.8744 | M3: 2.628 | N3: 0.32
A4: Rendimento sintetico Bilanciato Crescita | B4: =(B2*0.5)+(B3*0.5) -> 7.0584 | C4: =(C2*0.5)+(C3*0.5) -> 6.5916 | D4: =(D2*0.5)+(D3*0.5) -> 0.2492 | E4: =(E2*0.5)+(E3*0.5) -> 2.2924 | F4: =(F2*0.5)+(F3*0.5) -> 3.0904 | G4: =(G2*0.5)+(G3*0.5) -> -5.472 | H4: =(H2*0.5)+(H3*0.5) -> 10.915 | I4: =(I2*0.5)+(I3*0.5) -> 2.927 | ... N4: =(N2*0.5)+(N3*0.5) -> 3.3264

Sheet Bilanciato Dinamico
B1: 2013 | C1: 2014 | D1: 2015 | E1: 2016 | F1: 2017 | G1: 2018 | H1: 2019 | I1: 2020 | J1: 2021 | K1: 2022 | L1: 2023 | M1: 2024 | N1: 2025
A2: Rendimento normalizzato AZIONARIO | B2: 15.5472 | C2: 5.0032 | D2: -1.4096 | E2: 1.9016 | F2: 7.3112 | G2: -11.012 | H2: 15.8048 | I2: 3.3656 | J2: 15.7208 | K2: -17.6232 | L2: 11.5288 | M2: 12.772 | N2: 6.3328
A3: Rendimento normalizzato OBBLIGAZIONARIO | B3: -1.4304 | C3: 8.18 | D3: 1.908 | E3: 2.6832 | F3: -1.1304 | G3: 0.068 | H3: 6.0252 | I3: 2.4884 | J3: 0.0868 | K3: -10.5156 | L3: 3.8744 | M3: 2.628 | N3: 0.32
A4: Rendimento sintetico Bilanciato Dinamico | B4: =(B2*0.8)+(B3*0.3) -> 12.00864 | C4: =(C2*0.8)+(C3*0.3) -> 6.45656 | D4: =(D2*0.8)+(D3*0.3) -> -0.55528 | E4: =(E2*0.8)+(E3*0.3) -> 2.32624 | F4: =(F2*0.8)+(F3*0.3) -> 5.50984 | G4: =(G2*0.8)+(G3*0.3) -> -8.7892 | H4: =(H2*0.8)+(H3*0.3) -> 14.4514 | I4: =(I2*0.8)+(I3*0.3) -> 3.439 | ... N4: =(N2*0.8)+(N3*0.3) -> 5.16224

Sheet Tabella rendimenti
B1: 2013 | C1: 2014 | D1: 2015 | E1: 2016 | F1: 2017 | G1: 2018 | H1: 2019 | I1: 2020 | J1: 2021 | K1: 2022 | L1: 2023 | M1: 2024 | N1: 2025 | O1: Rendimento medio
A2: Azionario | B2: 15.5472 | C2: 5.0032 | D2: -1.4096 | E2: 1.9016 | F2: 7.3112 | G2: -11.012 | H2: 15.8048 | I2: 3.3656 | J2: 15.7208 | K2: -17.6232 | L2: 11.5288 | M2: 12.772 | N2: 6.3328 | O2: =AVERAGE(B2:N2) -> 5.0187077
A3: Obbligazionario | B3: -1.4304 | C3: 8.18 | D3: 1.908 | E3: 2.6832 | F3: -1.1304 | G3: 0.068 | H3: 6.0252 | I3: 2.4884 | J3: 0.0868 | K3: -10.5156 | L3: 3.8744 | M3: 2.628 | N3: 0.32 | O3: =AVERAGE(B3:N3) -> 1.1681231
A4: Bilanciato Prudente | B4: 3.66288 | C4: 7.22696 | D4: 0.91272 | E4: 2.44872 | F4: 1.40208 | G4: -3.256 | H4: 8.95908 | I4: 2.75156 | J4: 4.777 | K4: -12.64788 | L4: 6.17072 | M4: 5.6712 | N4: 2.12384 | O4: =AVERAGE(B4:N4) -> 2.3232985
A5: Bilanciato Crescita | B5: 7.0584 | C5: 6.5916 | D5: 0.2492 | E5: 2.2924 | F5: 3.0904 | G5: -5.472 | H5: 10.915 | I5: 2.927 | J5: 7.9038 | K5: -14.0694 | L5: 7.7016 | M5: 7.7 | N5: 3.3264 | O5: =AVERAGE(B5:N5) -> 3.0934154
A6: Bilanciato Dinamico | B6: 12.00864 | C6: 6.45656 | D6: -0.55528 | E6: 2.32624 | F6: 5.50984 | G6: -8.7892 | H6: 14.4514 | I6: 3.439 | J6: 12.60268 | K6: -17.25324 | L6: 10.38536 | M6: 11.006 | N6: 5.16224 | O6: =AVERAGE(B6:N6) -> 4.3654031
